{
  "osx": {
    "title": "WhatsApp",
    "icon": "build/assets/osx/whatsapp.icns",
    "icon-size": 80,
    "contents": [
      {
        "x": 438,
        "y": 344,
        "type": "link",
        "path": "/Applications"
      },
      {
        "x": 192,
        "y": 344,
        "type": "file"
      }
    ]
  },
  "win": {
    "title": "WhatsApp",
    "icon": "build/assets/win/whatsapp.ico",
    "icon-size": 48,
    "app-bundle-id": "WhatsApp"
  },
  "linux": {
    "title": "WhatsApp",
    "icon": "build/assets/win/whatsapp.ico",
    "icon-size": 48,
    "app-bundle-id": "WhatsApp"
  }
}
